id,label
230.jpg,0
1220.jpg,0
1247.jpg,2
697.jpg,2
820.jpg,0
238.jpg,0
495.jpg,1
443.jpg,2
1196.jpg,2
590.jpg,2
455.jpg,1
562.jpg,2
27.jpg,3
504.jpg,3
1073.jpg,0
621.jpg,3
268.jpg,2
592.jpg,0
612.jpg,1
972.jpg,0
938.jpg,0
1123.jpg,3
525.jpg,3
551.jpg,0
186.jpg,2
816.jpg,3
127.jpg,1
1154.jpg,3
305.jpg,1
1057.jpg,0
64.jpg,2
481.jpg,1
181.jpg,1
433.jpg,1
1009.jpg,0
553.jpg,1
1080.jpg,2
1000.jpg,1
752.jpg,2
1159.jpg,0
6.jpg,2
563.jpg,0
248.jpg,0
693.jpg,3
801.jpg,0
1139.jpg,2
320.jpg,0
1122.jpg,0
1125.jpg,2
893.jpg,1
125.jpg,3
1030.jpg,2
570.jpg,2
618.jpg,2
1083.jpg,1
393.jpg,2
1070.jpg,0
1206.jpg,2
226.jpg,3
22.jpg,0
398.jpg,0
38.jpg,2
840.jpg,3
1193.jpg,2
1194.jpg,2
349.jpg,1
51.jpg,2
886.jpg,3
1178.jpg,2
808.jpg,3
1043.jpg,3
259.jpg,3
583.jpg,3
906.jpg,2
377.jpg,3
261.jpg,2
882.jpg,3
169.jpg,2
1106.jpg,1
1039.jpg,3
694.jpg,1
832.jpg,3
581.jpg,1
1225.jpg,1
672.jpg,3
1177.jpg,3
955.jpg,3
81.jpg,1
800.jpg,3
409.jpg,2
483.jpg,2
404.jpg,2
274.jpg,2
438.jpg,0
554.jpg,2
875.jpg,3
912.jpg,2
724.jpg,3
79.jpg,2
471.jpg,3
725.jpg,2
634.jpg,3
661.jpg,3
1117.jpg,2
564.jpg,0
587.jpg,2
1253.jpg,0
361.jpg,1
16.jpg,3
431.jpg,3
286.jpg,1
921.jpg,2
124.jpg,2
891.jpg,0
424.jpg,1
264.jpg,3
1262.jpg,0
526.jpg,2
920.jpg,0
726.jpg,3
1135.jpg,0
975.jpg,1
199.jpg,0
211.jpg,0
1031.jpg,3
635.jpg,0
930.jpg,2
1160.jpg,2
611.jpg,3
1181.jpg,3
251.jpg,2
1110.jpg,1
1191.jpg,0
1114.jpg,2
107.jpg,2
77.jpg,2
758.jpg,3
804.jpg,2
513.jpg,2
192.jpg,1
292.jpg,3
45.jpg,2
968.jpg,2
370.jpg,1
633.jpg,0
644.jpg,2
222.jpg,3
407.jpg,0
1148.jpg,3
410.jpg,1
791.jpg,0
707.jpg,0
757.jpg,2
161.jpg,3
1130.jpg,0
1060.jpg,1
451.jpg,0
162.jpg,2
85.jpg,1
188.jpg,1
1171.jpg,3
997.jpg,2
30.jpg,1
1036.jpg,2
1010.jpg,0
128.jpg,1
521.jpg,2
1180.jpg,0
708.jpg,0
357.jpg,3
986.jpg,0
242.jpg,2
911.jpg,0
951.jpg,1
19.jpg,1
386.jpg,1
209.jpg,2
744.jpg,1
573.jpg,1
1076.jpg,3
492.jpg,2
280.jpg,3
1088.jpg,2
116.jpg,2
1236.jpg,1
782.jpg,1
189.jpg,0
478.jpg,2
1264.jpg,3
95.jpg,2
928.jpg,1
419.jpg,1
1072.jpg,0
1144.jpg,3
794.jpg,2
1053.jpg,3
714.jpg,1
910.jpg,1
1008.jpg,1
1011.jpg,2
411.jpg,0
987.jpg,2
243.jpg,1
373.jpg,0
241.jpg,2
868.jpg,0
344.jpg,3
686.jpg,0
585.jpg,1
849.jpg,3
565.jpg,3
395.jpg,3
834.jpg,1
619.jpg,3
777.jpg,2
624.jpg,3
851.jpg,1
442.jpg,1
322.jpg,0
700.jpg,3
208.jpg,0
170.jpg,0
146.jpg,3
641.jpg,0
543.jpg,0
1203.jpg,1
232.jpg,3
75.jpg,3
811.jpg,2
367.jpg,0
1045.jpg,1
496.jpg,1
447.jpg,2
877.jpg,1
200.jpg,2
80.jpg,3
957.jpg,2
456.jpg,0
626.jpg,2
168.jpg,1
54.jpg,3
275.jpg,2
501.jpg,2
608.jpg,2
175.jpg,2
1166.jpg,3
1174.jpg,2
1055.jpg,1
637.jpg,1
552.jpg,1
1164.jpg,1
1078.jpg,3
586.jpg,3
135.jpg,0
831.jpg,0
486.jpg,0
198.jpg,0
933.jpg,1
704.jpg,0
278.jpg,2
136.jpg,3
907.jpg,0
249.jpg,1
78.jpg,1
392.jpg,2
12.jpg,1
985.jpg,3
36.jpg,1
1115.jpg,3
89.jpg,0
625.jpg,1
950.jpg,0
593.jpg,1
506.jpg,1
1161.jpg,3
383.jpg,2
1246.jpg,0
474.jpg,3
510.jpg,3
421.jpg,1
623.jpg,1
1158.jpg,1
733.jpg,2
528.jpg,2
890.jpg,1
695.jpg,1
664.jpg,1
781.jpg,2
1172.jpg,1
760.jpg,2
1126.jpg,0
484.jpg,2
523.jpg,0
59.jpg,3
461.jpg,2
647.jpg,3
11.jpg,1
601.jpg,1
572.jpg,3
575.jpg,2
1100.jpg,1
806.jpg,3
363.jpg,0
732.jpg,0
93.jpg,1
1050.jpg,2
675.jpg,3
556.jpg,1
298.jpg,1
57.jpg,2
541.jpg,1
1064.jpg,3
1257.jpg,2
1068.jpg,2
665.jpg,1
682.jpg,1
1074.jpg,3
1041.jpg,0
662.jpg,2
766.jpg,1
350.jpg,1
221.jpg,1
770.jpg,2
824.jpg,2
729.jpg,1
1219.jpg,3
347.jpg,2
446.jpg,0
1205.jpg,2
1261.jpg,3
339.jpg,0
809.jpg,0
723.jpg,0
307.jpg,0
176.jpg,1
507.jpg,2
582.jpg,2
763.jpg,2
1058.jpg,3
98.jpg,1
1179.jpg,2
62.jpg,2
260.jpg,0
418.jpg,1
850.jpg,1
666.jpg,0
705.jpg,3
422.jpg,0
245.jpg,1
981.jpg,3
953.jpg,3
1054.jpg,3
603.jpg,1
1107.jpg,0
470.jpg,1
685.jpg,3
713.jpg,1
940.jpg,0
253.jpg,1
1084.jpg,3
408.jpg,0
1.jpg,2
1102.jpg,2
949.jpg,2
337.jpg,2
1109.jpg,0
288.jpg,3
576.jpg,2
852.jpg,1
835.jpg,1
715.jpg,3
658.jpg,2
719.jpg,1
273.jpg,1
381.jpg,1
994.jpg,3
710.jpg,1
660.jpg,0
133.jpg,0
502.jpg,1
1184.jpg,2
701.jpg,0
769.jpg,3
845.jpg,3
984.jpg,1
49.jpg,1
529.jpg,1
983.jpg,2
28.jpg,2
749.jpg,3
448.jpg,2
129.jpg,2
993.jpg,1
231.jpg,3
692.jpg,2
779.jpg,0
1176.jpg,3
283.jpg,2
141.jpg,2
709.jpg,0
991.jpg,2
557.jpg,2
1233.jpg,1
768.jpg,2
503.jpg,2
1029.jpg,0
109.jpg,2
457.jpg,3
58.jpg,1
359.jpg,1
598.jpg,0
355.jpg,1
1140.jpg,1
946.jpg,1
220.jpg,3
786.jpg,0
115.jpg,1
1137.jpg,3
703.jpg,2
403.jpg,1
847.jpg,3
1234.jpg,1
282.jpg,2
514.jpg,0
836.jpg,1
970.jpg,3
690.jpg,1
267.jpg,1
103.jpg,2
958.jpg,3
512.jpg,1
352.jpg,0
1248.jpg,1
191.jpg,2
216.jpg,1
1251.jpg,1
815.jpg,3
255.jpg,3
285.jpg,2
366.jpg,1
1082.jpg,0
909.jpg,1
480.jpg,3
870.jpg,3
25.jpg,2
120.jpg,0
423.jpg,1
304.jpg,2
887.jpg,3
379.jpg,0
144.jpg,3
677.jpg,0
184.jpg,3
177.jpg,2
112.jpg,2
515.jpg,3
837.jpg,2
476.jpg,3
174.jpg,3
1118.jpg,2
269.jpg,2
1019.jpg,0
962.jpg,0
745.jpg,1
602.jpg,1
1090.jpg,1
131.jpg,0
547.jpg,3
487.jpg,0
312.jpg,1
453.jpg,2
311.jpg,3
1163.jpg,1
99.jpg,2
1187.jpg,3
1230.jpg,3
467.jpg,0
765.jpg,1
317.jpg,0
91.jpg,1
1175.jpg,0
879.jpg,2
328.jpg,1
630.jpg,2
44.jpg,0
18.jpg,2
965.jpg,0
454.jpg,2
256.jpg,1
134.jpg,2
902.jpg,1
84.jpg,3
147.jpg,2
148.jpg,3
1231.jpg,1
574.jpg,3
813.jpg,3
388.jpg,2
789.jpg,0
265.jpg,3
1141.jpg,2
1239.jpg,0
539.jpg,0
797.jpg,2
731.jpg,1
218.jpg,0
1131.jpg,0
1221.jpg,3
1132.jpg,0
613.jpg,0
360.jpg,1
132.jpg,3
390.jpg,1
276.jpg,2
1185.jpg,2
479.jpg,3
1021.jpg,1
449.jpg,2
151.jpg,3
1252.jpg,1
883.jpg,3
571.jpg,2
1116.jpg,1
8.jpg,0
1108.jpg,1
945.jpg,0
858.jpg,2
1142.jpg,1
1015.jpg,3
712.jpg,0
1103.jpg,3
450.jpg,0
374.jpg,0
683.jpg,1
50.jpg,0
413.jpg,3
898.jpg,2
561.jpg,2
466.jpg,0
1016.jpg,0
937.jpg,1
935.jpg,2
111.jpg,2
979.jpg,0
430.jpg,3
1217.jpg,1
721.jpg,2
814.jpg,1
240.jpg,1
224.jpg,2
196.jpg,0
429.jpg,3
681.jpg,2
873.jpg,1
711.jpg,2
954.jpg,2
905.jpg,3
143.jpg,1
21.jpg,1
252.jpg,2
34.jpg,2
1085.jpg,0
885.jpg,0
1128.jpg,2
627.jpg,0
767.jpg,1
1129.jpg,1
420.jpg,3
678.jpg,2
118.jpg,0
462.jpg,3
555.jpg,1
15.jpg,3
1063.jpg,3
1173.jpg,2
1006.jpg,2
1079.jpg,0
978.jpg,0
13.jpg,2
308.jpg,1
500.jpg,1
802.jpg,2
679.jpg,1
1214.jpg,1
1229.jpg,0
60.jpg,1
1263.jpg,3
739.jpg,1
894.jpg,0
540.jpg,1
1209.jpg,2
533.jpg,3
1259.jpg,0
667.jpg,1
908.jpg,1
459.jpg,3
119.jpg,1
1156.jpg,3
82.jpg,1
620.jpg,0
29.jpg,2
436.jpg,1
223.jpg,0
445.jpg,2
720.jpg,3
122.jpg,2
880.jpg,2
828.jpg,0
1017.jpg,3
896.jpg,0
780.jpg,2
1190.jpg,1
1003.jpg,2
123.jpg,2
995.jpg,1
860.jpg,2
864.jpg,2
1242.jpg,3
931.jpg,2
293.jpg,0
271.jpg,2
1004.jpg,1
807.jpg,2
1099.jpg,3
1034.jpg,2
313.jpg,2
71.jpg,3
1127.jpg,0
869.jpg,2
741.jpg,1
558.jpg,0
843.jpg,3
778.jpg,1
183.jpg,1
1258.jpg,2
309.jpg,0
776.jpg,3
915.jpg,0
375.jpg,2
1211.jpg,0
659.jpg,0
560.jpg,0
696.jpg,1
287.jpg,2
5.jpg,2
805.jpg,0
648.jpg,3
516.jpg,2
830.jpg,2
342.jpg,2
702.jpg,1
284.jpg,3
606.jpg,0
651.jpg,2
35.jpg,2
1065.jpg,2
400.jpg,1
643.jpg,2
202.jpg,0
1202.jpg,1
988.jpg,3
210.jpg,2
336.jpg,1
944.jpg,2
1145.jpg,0
567.jpg,0
108.jpg,1
427.jpg,3
382.jpg,1
302.jpg,2
364.jpg,2
437.jpg,2
856.jpg,0
416.jpg,3
963.jpg,3
577.jpg,3
1265.jpg,3
1254.jpg,2
106.jpg,2
1028.jpg,2
345.jpg,3
7.jpg,2
1062.jpg,3
105.jpg,2
452.jpg,3
351.jpg,0
654.jpg,3
545.jpg,3
330.jpg,2
65.jpg,0
550.jpg,3
372.jpg,1
756.jpg,2
841.jpg,2
20.jpg,1
631.jpg,1
969.jpg,3
70.jpg,0
762.jpg,3
324.jpg,3
632.jpg,1
389.jpg,1
1162.jpg,1
33.jpg,2
477.jpg,2
326.jpg,2
750.jpg,1
247.jpg,3
652.jpg,3
1091.jpg,0
23.jpg,1
102.jpg,2
684.jpg,2
1023.jpg,2
892.jpg,0
439.jpg,1
1101.jpg,2
201.jpg,1
1069.jpg,3
939.jpg,1
1152.jpg,1
793.jpg,0
1133.jpg,2
615.jpg,0
792.jpg,0
46.jpg,0
1035.jpg,3
1037.jpg,1
609.jpg,3
39.jpg,3
773.jpg,2
204.jpg,0
432.jpg,0
810.jpg,2
1241.jpg,2
195.jpg,3
848.jpg,1
622.jpg,1
645.jpg,3
1056.jpg,1
190.jpg,3
66.jpg,0
1086.jpg,2
139.jpg,1
441.jpg,0
295.jpg,1
387.jpg,0
829.jpg,2
913.jpg,1
1095.jpg,1
1260.jpg,1
250.jpg,2
338.jpg,1
1027.jpg,1
145.jpg,3
1208.jpg,2
43.jpg,3
818.jpg,1
1120.jpg,0
1240.jpg,1
47.jpg,1
42.jpg,3
329.jpg,3
532.jpg,2
69.jpg,0
1151.jpg,3
971.jpg,0
597.jpg,3
853.jpg,3
185.jpg,3
508.jpg,0
314.jpg,3
61.jpg,0
959.jpg,2
334.jpg,1
743.jpg,0
874.jpg,0
193.jpg,3
977.jpg,1
114.jpg,2
391.jpg,0
1097.jpg,3
628.jpg,1
469.jpg,3
650.jpg,2
917.jpg,2
1061.jpg,1
155.jpg,2
1022.jpg,2
101.jpg,2
491.jpg,2
197.jpg,3
699.jpg,0
656.jpg,3
774.jpg,2
1224.jpg,0
158.jpg,1
1245.jpg,2
629.jpg,3
976.jpg,3
884.jpg,0
1094.jpg,3
1244.jpg,2
580.jpg,2
548.jpg,0
180.jpg,1
159.jpg,1
494.jpg,3
727.jpg,1
759.jpg,1
737.jpg,1
341.jpg,1
263.jpg,3
1212.jpg,2
718.jpg,1
137.jpg,1
1081.jpg,0
646.jpg,0
542.jpg,0
1223.jpg,2
1051.jpg,2
509.jpg,0
156.jpg,3
24.jpg,2
1075.jpg,3
916.jpg,2
53.jpg,0
399.jpg,1
378.jpg,2
52.jpg,2
544.jpg,3
1182.jpg,0
1067.jpg,3
172.jpg,0
1218.jpg,1
569.jpg,1
1165.jpg,2
589.jpg,2
150.jpg,2
229.jpg,1
1266.jpg,0
1222.jpg,3
96.jpg,3
179.jpg,2
244.jpg,2
785.jpg,1
897.jpg,1
1024.jpg,0
301.jpg,2
4.jpg,0
104.jpg,3
1155.jpg,0
642.jpg,3
1207.jpg,3
217.jpg,2
546.jpg,3
1249.jpg,3
698.jpg,3
68.jpg,1
212.jpg,2
371.jpg,0
1042.jpg,1
522.jpg,3
1216.jpg,3
1199.jpg,3
121.jpg,2
194.jpg,0
1150.jpg,2
783.jpg,2
790.jpg,0
340.jpg,3
505.jpg,1
952.jpg,1
1192.jpg,0
1092.jpg,1
415.jpg,3
14.jpg,3
173.jpg,1
369.jpg,2
706.jpg,2
227.jpg,3
166.jpg,1
844.jpg,2
164.jpg,0
48.jpg,0
368.jpg,3
394.jpg,3
333.jpg,2
519.jpg,0
434.jpg,0
26.jpg,2
1119.jpg,2
881.jpg,1
534.jpg,3
640.jpg,0
638.jpg,2
498.jpg,1
674.jpg,1
296.jpg,1
617.jpg,2
1046.jpg,0
88.jpg,1
358.jpg,1
1040.jpg,2
258.jpg,0
671.jpg,0
861.jpg,2
468.jpg,3
97.jpg,1
3.jpg,0
1047.jpg,3
254.jpg,1
922.jpg,1
680.jpg,0
1048.jpg,3
475.jpg,0
354.jpg,3
716.jpg,2
919.jpg,2
396.jpg,2
1243.jpg,2
327.jpg,2
728.jpg,0
520.jpg,2
795.jpg,2
691.jpg,3
1167.jpg,1
332.jpg,2
425.jpg,0
297.jpg,1
41.jpg,1
649.jpg,2
669.jpg,0
203.jpg,3
299.jpg,2
934.jpg,1
948.jpg,3
1020.jpg,2
990.jpg,1
1227.jpg,1
426.jpg,3
1170.jpg,0
823.jpg,1
72.jpg,3
1204.jpg,3
657.jpg,2
1007.jpg,2
748.jpg,3
973.jpg,1
817.jpg,2
942.jpg,3
83.jpg,0
974.jpg,3
1267.jpg,3
595.jpg,1
996.jpg,3
730.jpg,0
154.jpg,3
738.jpg,2
1146.jpg,2
92.jpg,2
1093.jpg,3
1121.jpg,0
605.jpg,2
362.jpg,2
596.jpg,1
1169.jpg,2
775.jpg,1
966.jpg,0
233.jpg,1
310.jpg,0
967.jpg,1
262.jpg,3
538.jpg,1
535.jpg,2
1013.jpg,0
689.jpg,0
412.jpg,1
182.jpg,1
126.jpg,0
799.jpg,0
1049.jpg,2
444.jpg,1
655.jpg,0
524.jpg,1
1032.jpg,3
989.jpg,3
1066.jpg,3
497.jpg,1
735.jpg,2
784.jpg,2
237.jpg,2
207.jpg,3
187.jpg,2
460.jpg,2
239.jpg,0
435.jpg,0
537.jpg,1
1238.jpg,1
138.jpg,0
980.jpg,0
798.jpg,3
1232.jpg,3
1071.jpg,3
228.jpg,0
862.jpg,2
171.jpg,0
734.jpg,1
566.jpg,3
914.jpg,2
607.jpg,1
872.jpg,0
67.jpg,3
517.jpg,0
149.jpg,0
722.jpg,1
1143.jpg,1
736.jpg,3
1033.jpg,0
761.jpg,1
584.jpg,0
270.jpg,3
594.jpg,0
1112.jpg,0
380.jpg,3
839.jpg,2
1134.jpg,0
536.jpg,2
812.jpg,0
822.jpg,1
490.jpg,2
1052.jpg,1
90.jpg,2
346.jpg,2
900.jpg,0
37.jpg,1
225.jpg,3
1105.jpg,1
1014.jpg,0
676.jpg,3
205.jpg,3
246.jpg,2
167.jpg,1
272.jpg,0
1136.jpg,0
960.jpg,2
300.jpg,3
1213.jpg,1
1025.jpg,0
463.jpg,3
895.jpg,0
1198.jpg,1
772.jpg,1
740.jpg,2
796.jpg,2
1138.jpg,1
855.jpg,3
1038.jpg,1
511.jpg,3
871.jpg,2
549.jpg,1
889.jpg,1
867.jpg,2
771.jpg,2
289.jpg,1
236.jpg,2
401.jpg,3
764.jpg,1
206.jpg,3
153.jpg,0
1087.jpg,1
1255.jpg,2
876.jpg,1
673.jpg,1
1201.jpg,3
1226.jpg,0
999.jpg,2
402.jpg,0
356.jpg,0
1210.jpg,0
1012.jpg,1
982.jpg,3
343.jpg,2
365.jpg,3
878.jpg,2
924.jpg,1
318.jpg,3
943.jpg,0
440.jpg,2
142.jpg,2
1026.jpg,2
751.jpg,2
110.jpg,3
1215.jpg,3
489.jpg,0
591.jpg,0
1104.jpg,2
348.jpg,2
178.jpg,1
165.jpg,0
1183.jpg,2
803.jpg,2
163.jpg,1
1005.jpg,1
838.jpg,2
417.jpg,3
819.jpg,3
335.jpg,2
518.jpg,1
1256.jpg,3
1168.jpg,2
604.jpg,0
956.jpg,1
1237.jpg,2
663.jpg,2
10.jpg,1
414.jpg,2
866.jpg,3
257.jpg,0
899.jpg,3
1098.jpg,1
325.jpg,3
306.jpg,0
464.jpg,0
1228.jpg,1
1111.jpg,1
859.jpg,1
821.jpg,3
1096.jpg,0
294.jpg,3
717.jpg,2
385.jpg,3
639.jpg,2
826.jpg,1
86.jpg,3
219.jpg,2
384.jpg,0
747.jpg,0
961.jpg,0
865.jpg,0
788.jpg,0
213.jpg,2
904.jpg,1
787.jpg,0
827.jpg,2
936.jpg,2
319.jpg,2
493.jpg,1
488.jpg,1
559.jpg,3
746.jpg,0
901.jpg,3
281.jpg,3
925.jpg,1
482.jpg,3
610.jpg,3
600.jpg,1
1002.jpg,1
215.jpg,1
2.jpg,1
405.jpg,3
214.jpg,3
964.jpg,1
753.jpg,3
903.jpg,2
653.jpg,0
1113.jpg,3
578.jpg,2
473.jpg,0
321.jpg,1
923.jpg,1
100.jpg,2
353.jpg,2
754.jpg,2
140.jpg,2
846.jpg,2
331.jpg,3
927.jpg,1
531.jpg,2
157.jpg,0
926.jpg,3
303.jpg,0
1188.jpg,3
842.jpg,3
932.jpg,2
687.jpg,0
1157.jpg,2
428.jpg,3
160.jpg,2
94.jpg,2
668.jpg,2
1044.jpg,1
485.jpg,0
947.jpg,2
755.jpg,3
316.jpg,2
9.jpg,0
56.jpg,2
1018.jpg,3
833.jpg,0
588.jpg,3
17.jpg,1
279.jpg,2
579.jpg,3
117.jpg,0
670.jpg,3
323.jpg,0
929.jpg,3
277.jpg,1
32.jpg,1
857.jpg,2
113.jpg,2
614.jpg,0
1235.jpg,2
854.jpg,2
40.jpg,2
1195.jpg,0
1124.jpg,3
1200.jpg,2
235.jpg,1
55.jpg,3
1147.jpg,0
87.jpg,1
1153.jpg,2
31.jpg,0
290.jpg,2
863.jpg,3
1059.jpg,2
315.jpg,2
76.jpg,0
73.jpg,2
1250.jpg,1
63.jpg,0
152.jpg,0
1189.jpg,2
527.jpg,1
499.jpg,2
458.jpg,2
941.jpg,3
234.jpg,0
1186.jpg,1
599.jpg,2
74.jpg,3
1077.jpg,3
888.jpg,3
1149.jpg,3
1089.jpg,0
825.jpg,0
616.jpg,3
266.jpg,0
406.jpg,0
998.jpg,2
130.jpg,1
397.jpg,2
568.jpg,1
1197.jpg,0
530.jpg,3
291.jpg,0
636.jpg,1
742.jpg,0
472.jpg,2
992.jpg,3
465.jpg,1
1001.jpg,3
918.jpg,2
376.jpg,1
688.jpg,0
